filename,title,description,link
pin_01_5-side-hustles-that-pay-daily.png,5 Side Hustles That Pay Daily | HustleGuides,5 Side Hustles That Pay Daily. Start earning today. Get the free guide at hustleguides.github.io,https://hustleguides.github.io/hustle-guides/
pin_02_how-i-make-100day-from-home.png,How I Make $100/Day From Home | HustleGuides,How I Make $100/Day From Home. Real strategy that works. Get the free guide at hustleguides.github.io,https://hustleguides.github.io/hustle-guides/
pin_03_passive-income-for-beginners.png,Passive Income For Beginners | HustleGuides,Passive Income For Beginners. Zero investment needed. Get the free guide at hustleguides.github.io,https://hustleguides.github.io/hustle-guides/
pin_04_7-work-from-home-jobs-hiring.png,7 Work From Home Jobs Hiring | HustleGuides,7 Work From Home Jobs Hiring. Remote $15-50/hr. Get the free guide at hustleguides.github.io,https://hustleguides.github.io/hustle-guides/
pin_05_3-side-hustles-you-can-start-t.png,3 Side Hustles You Can Start Today | HustleGuides,3 Side Hustles You Can Start Today. No experience needed. Get the free guide at hustleguides.github.io,https://hustleguides.github.io/hustle-guides/
pin_06_make-money-online-complete-gu.png,Make Money Online: Complete Guide | HustleGuides,Make Money Online: Complete Guide. Step-by-step blueprint. Get the free guide at hustleguides.github.io,https://hustleguides.github.io/hustle-guides/
pin_07_work-from-home-jobs-that-pay.png,Work From Home Jobs That Pay | HustleGuides,Work From Home Jobs That Pay. Updated for 2026. Get the free guide at hustleguides.github.io,https://hustleguides.github.io/hustle-guides/
pin_08_side-hustle-ideas-for-beginner.png,Side Hustle Ideas For Beginners | HustleGuides,Side Hustle Ideas For Beginners. Start with zero skills. Get the free guide at hustleguides.github.io,https://hustleguides.github.io/hustle-guides/
pin_09_5-digital-products-you-can-sel.png,5 Digital Products You Can Sell | HustleGuides,"5 Digital Products You Can Sell. Create once, earn forever. Get the free guide at hustleguides.github.io",https://hustleguides.github.io/hustle-guides/
pin_10_how-to-start-freelancing.png,How To Start Freelancing | HustleGuides,How To Start Freelancing. Complete beginner guide. Get the free guide at hustleguides.github.io,https://hustleguides.github.io/hustle-guides/
pin_11_10-ways-to-earn-extra-cash.png,10 Ways To Earn Extra Cash | HustleGuides,10 Ways To Earn Extra Cash. Practical methods. Get the free guide at hustleguides.github.io,https://hustleguides.github.io/hustle-guides/
pin_12_passive-income-streams-that-wo.png,Passive Income Streams That Work | HustleGuides,Passive Income Streams That Work. Earn while you sleep. Get the free guide at hustleguides.github.io,https://hustleguides.github.io/hustle-guides/
pin_13_best-side-hustles-for-2026.png,Best Side Hustles For 2026 | HustleGuides,Best Side Hustles For 2026. Top opportunities ranked. Get the free guide at hustleguides.github.io,https://hustleguides.github.io/hustle-guides/
pin_14_build-multiple-income-streams.png,Build Multiple Income Streams | HustleGuides,Build Multiple Income Streams. Financial freedom blueprint. Get the free guide at hustleguides.github.io,https://hustleguides.github.io/hustle-guides/
pin_15_3-passive-income-methods.png,3 Passive Income Methods | HustleGuides,3 Passive Income Methods. That actually pay. Get the free guide at hustleguides.github.io,https://hustleguides.github.io/hustle-guides/
pin_16_how-to-start-an-online-busines.png,How To Start An Online Business | HustleGuides,How To Start An Online Business. With zero capital. Get the free guide at hustleguides.github.io,https://hustleguides.github.io/hustle-guides/
pin_17_make-500month-with-these-hac.png,Make $500/Month With These Hacks | HustleGuides,Make $500/Month With These Hacks. Simple side strategies. Get the free guide at hustleguides.github.io,https://hustleguides.github.io/hustle-guides/
pin_18_affiliate-marketing-for-beginn.png,Affiliate Marketing For Beginners | HustleGuides,Affiliate Marketing For Beginners. Start earning commissions. Get the free guide at hustleguides.github.io,https://hustleguides.github.io/hustle-guides/
pin_19_how-to-earn-from-pinterest.png,How To Earn From Pinterest | HustleGuides,How To Earn From Pinterest. Grow organically. Get the free guide at hustleguides.github.io,https://hustleguides.github.io/hustle-guides/
pin_20_side-hustle-mistakes-to-avoid.png,Side Hustle Mistakes To Avoid | HustleGuides,Side Hustle Mistakes To Avoid. Save time and money. Get the free guide at hustleguides.github.io,https://hustleguides.github.io/hustle-guides/
pin_21_turn-100-into-1000-online.png,Turn $100 Into $1000 Online | HustleGuides,Turn $100 Into $1000 Online. Proven method. Get the free guide at hustleguides.github.io,https://hustleguides.github.io/hustle-guides/
pin_22_realistic-side-hustle-income.png,Realistic Side Hustle Income | HustleGuides,Realistic Side Hustle Income. Month 1 breakdown. Get the free guide at hustleguides.github.io,https://hustleguides.github.io/hustle-guides/
pin_23_5-ways-to-make-money-with-ai.png,5 Ways To Make Money With AI | HustleGuides,5 Ways To Make Money With AI. Using free AI tools. Get the free guide at hustleguides.github.io,https://hustleguides.github.io/hustle-guides/
pin_24_side-hustles-that-pay-weekly.png,Side Hustles That Pay Weekly | HustleGuides,Side Hustles That Pay Weekly. Steady income streams. Get the free guide at hustleguides.github.io,https://hustleguides.github.io/hustle-guides/
pin_25_best-freelance-platforms-2026.png,Best Freelance Platforms 2026 | HustleGuides,Best Freelance Platforms 2026. Ranked and reviewed. Get the free guide at hustleguides.github.io,https://hustleguides.github.io/hustle-guides/
pin_26_start-a-profitable-newsletter.png,Start A Profitable Newsletter | HustleGuides,Start A Profitable Newsletter. Passive income engine. Get the free guide at hustleguides.github.io,https://hustleguides.github.io/hustle-guides/
pin_27_the-truth-about-making-money.png,The Truth About Making Money | HustleGuides,"The Truth About Making Money. No hype, no fluff. Get the free guide at hustleguides.github.io",https://hustleguides.github.io/hustle-guides/
pin_28_7-side-hustles-under-30-mins.png,7 Side Hustles Under 30 Mins | HustleGuides,7 Side Hustles Under 30 Mins. Perfect for busy people. Get the free guide at hustleguides.github.io,https://hustleguides.github.io/hustle-guides/
pin_29_how-i-quit-my-9-5-job.png,How I Quit My 9-5 Job | HustleGuides,How I Quit My 9-5 Job. Step by step breakdown. Get the free guide at hustleguides.github.io,https://hustleguides.github.io/hustle-guides/
pin_30_side-hustle-success-stories.png,Side Hustle Success Stories | HustleGuides,"Side Hustle Success Stories. Real people, real results. Get the free guide at hustleguides.github.io",https://hustleguides.github.io/hustle-guides/
